filename,notes,authors,licenses,urls
body/bodies/teen/light.png,"see details at https://opengameart.org/content/lpc-character-bases; 'Thick' Male Revised Run/Climb by JaidynReiman (based on ElizaWy's LPC Revised)","bluecarrot16,Evert,TheraHedwig,Benjamin K. Smith (BenCreating),MuffinElZangano,Durrani,Pierre Vigier (pvigier),Eliza Wyatt (ElizaWy),Matthew Krohn (makrohn),Johannes Sjölund (wulax),Stephen Challener (Redshrike)","OGA-BY 3.0,CC-BY-SA 3.0,GPL 3.0","https://opengameart.org/content/liberated-pixel-cup-lpc-base-assets-sprites-map-tiles,https://opengameart.org/content/lpc-medieval-fantasy-character-sprites,https://opengameart.org/content/lpc-ladies,https://opengameart.org/content/lpc-teen-unisex-base-clothes,https://opengameart.org/content/lpc-jump-expanded,https://opengameart.org/content/lpc-revised-character-basics,https://opengameart.org/content/lpc-be-seated,https://gitlab.com/vagabondgame/lpc-characters,https://opengameart.org/content/lpc-male-jumping-animation-by-durrani,https://opengameart.org/content/lpc-jump-expanded"
head/heads/human/male/light.png,"original head by Redshrike, tweaks by BenCreating, modular version by bluecarrot16","bluecarrot16,Benjamin K. Smith (BenCreating),Stephen Challener (Redshrike)","OGA-BY 3.0,CC-BY-SA 3.0,GPL 3.0","https://opengameart.org/content/liberated-pixel-cup-lpc-base-assets-sprites-map-tiles,https://opengameart.org/content/lpc-character-bases"
head/faces/global/angry2/light.png,"Original Bases by Redshrike, Alt Angry Expression by Laetissima and Pennomi, mapped to all frames by JaidynReiman","JaidynReiman,Thane Brimhall (pennomi),laetissima,Stephen Challener (Redshrike)","CC-BY-SA 3.0,GPL 3.0","https://opengameart.org/content/lpc-base-character-expressions,https://opengameart.org/content/ulpc-expanded-expressions"
head/nose/straight/adult/light.png,"","Thane Brimhall (pennomi),laetissima,Matthew Krohn (makrohn)","GPL 3.0,CC-BY-SA 3.0","https://opengameart.org/content/lpc-base-character-expressions"
hair/buzzcut/adult/black.png,"","ElizaWy","OGA-BY 3.0","https://opengameart.org/content/lpc-hair"
torso/clothes/shortsleeve/tshirt/teen/blue.png,"original by ElizaWy; spellcast/thrust/shoot/hurt adapted from original by JaidynReiman","ElizaWy,JaidynReiman,Stephen Challener (Redshrike),Johannes Sjölund (wulax)","OGA-BY 3.0","http://opengameart.org/content/lpc-revised-character-basics,https://github.com/ElizaWy/LPC/tree/main/Characters/Clothing,https://opengameart.org/content/lpc-expanded-sit-run-jump-more"
torso/armour/legion/teen/iron.png,"adapted to v3 bases by bluecarrot16, jump/run/sit/combat and teen by Jaidynreiman","JaidynReiman,bluecarrot16,Nila122","OGA-BY 3.0,CC-BY-SA 3.0,GPL 2.0,GPL 3.0","https://opengameart.org/content/lpc-roman-armor"
quiver/quiver.png,"","Johannes Sjölund (wulax)","OGA-BY 3.0,CC-BY-SA 3.0,GPL 3.0","https://opengameart.org/content/lpc-medieval-fantasy-character-sprites"
legs/pants/thin/blue.png,"original male pants by wulax, edited for female by Joe White, recolors and edits to v3 base by bluecarrot16, teen legs by ElizaWy derived from base, climb/jump/run/sit/emotes/revised combat by JaidynReiman based on ElizaWy's LPC Revised","bluecarrot16,JaidynReiman,ElizaWy,Joe White,Matthew Krohn (makrohn),Johannes Sjölund (wulax),Stephen Challener (Redshrike)","OGA-BY 3.0,GPL 3.0,CC-BY-SA 3.0","https://opengameart.org/content/liberated-pixel-cup-lpc-base-assets-sprites-map-tiles,https://opengameart.org/content/lpc-medieval-fantasy-character-sprites,http://opengameart.org/content/lpc-clothing-updates,https://opengameart.org/content/lpc-expanded-pants"
feet/shoes/basic/thin/black.png,"original by wulax, edited for female base by Joe White, edited for v3 base by bluecarrot16, Jump/Sit/Emote/Run/Revised Combat by JaidynReiman","JaidynReiman,Joe White,Johannes Sjölund (wulax)","OGA-BY 3.0,CC-BY-SA 3.0,GPL 3.0","https://opengameart.org/content/lpc-medieval-fantasy-character-sprites,http://opengameart.org/content/lpc-clothing-updates,https://opengameart.org/content/lpc-expanded-socks-shoes"
weapon/ranged/bow/arrow/arrow.png,"","Johannes Sjölund (wulax)","OGA-BY 3.0,CC-BY-SA 3.0,GPL 3.0","https://opengameart.org/content/lpc-medieval-fantasy-character-sprites"
weapon/ranged/bow/great/universal/background/iron.png,"modified by daneeklu, from **normal** bow by wulax; walk animations by pvigier; split into layers and tweaked for v3 character bases by bluecarrot16","Daniel Eddeland (daneeklu),gr3yh47,Johannes Sjölund (wulax),Pierre Vigier (pvigier)","CC-BY-SA 3.0","https://opengameart.org/content/lpc-weapons-two-bows-a-spear-and-a-trident,https://opengameart.org/content/lpc-walk-animations-for-bows"
weapon/ranged/bow/great/universal/foreground/iron.png,"modified by daneeklu, from **normal** bow by wulax; walk animations by pvigier; split into layers and tweaked for v3 character bases by bluecarrot16","Daniel Eddeland (daneeklu),gr3yh47,Johannes Sjölund (wulax),Pierre Vigier (pvigier)","CC-BY-SA 3.0","https://opengameart.org/content/lpc-weapons-two-bows-a-spear-and-a-trident,https://opengameart.org/content/lpc-walk-animations-for-bows"
weapon/ranged/bow/great/walk/background/iron.png,"modified by daneeklu, from **normal** bow by wulax; walk animations by pvigier; split into layers and tweaked for v3 character bases by bluecarrot16","Daniel Eddeland (daneeklu),gr3yh47,Johannes Sjölund (wulax),Pierre Vigier (pvigier)","CC-BY-SA 3.0","https://opengameart.org/content/lpc-weapons-two-bows-a-spear-and-a-trident,https://opengameart.org/content/lpc-walk-animations-for-bows"
weapon/ranged/bow/great/walk/foreground/iron.png,"modified by daneeklu, from **normal** bow by wulax; walk animations by pvigier; split into layers and tweaked for v3 character bases by bluecarrot16","Daniel Eddeland (daneeklu),gr3yh47,Johannes Sjölund (wulax),Pierre Vigier (pvigier)","CC-BY-SA 3.0","https://opengameart.org/content/lpc-weapons-two-bows-a-spear-and-a-trident,https://opengameart.org/content/lpc-walk-animations-for-bows"
